Cód_IBGE,Município,Sigla UF,Região,Mês/Ano,Vítimas
1600204,Calçoene,AP,NORTE,jan.-18,1
1600303,Macapá,AP,NORTE,jan.-18,18
1600600,Santana,AP,NORTE,jan.-18,4
1600709,Tartarugalzinho,AP,NORTE,jan.-18,1
1600238,Ferreira Gomes,AP,NORTE,fev.-18,1
1600303,Macapá,AP,NORTE,fev.-18,10
1600402,Mazagão,AP,NORTE,fev.-18,1
1600501,Oiapoque,AP,NORTE,fev.-18,1
1600600,Santana,AP,NORTE,fev.-18,2
1600238,Ferreira Gomes,AP,NORTE,mar.-18,1
1600253,Itaubal,AP,NORTE,mar.-18,1
1600303,Macapá,AP,NORTE,mar.-18,15
1600402,Mazagão,AP,NORTE,mar.-18,1
1600535,Porto Grande,AP,NORTE,mar.-18,1
1600600,Santana,AP,NORTE,mar.-18,3
1600709,Tartarugalzinho,AP,NORTE,mar.-18,1
1600303,Macapá,AP,NORTE,abr.-18,15
1600501,Oiapoque,AP,NORTE,abr.-18,2
1600600,Santana,AP,NORTE,abr.-18,7
1600303,Macapá,AP,NORTE,mai.-18,13
1600535,Porto Grande,AP,NORTE,mai.-18,3
1600600,Santana,AP,NORTE,mai.-18,6
1600709,Tartarugalzinho,AP,NORTE,mai.-18,1
1600808,Vitória Do Jari,AP,NORTE,mai.-18,1
1600279,Laranjal Do Jari,AP,NORTE,jun.-18,1
1600303,Macapá,AP,NORTE,jun.-18,14
1600501,Oiapoque,AP,NORTE,jun.-18,1
1600535,Porto Grande,AP,NORTE,jun.-18,1
1600600,Santana,AP,NORTE,jun.-18,6
1600055,Serra Do Navio,AP,NORTE,jun.-18,1
1600808,Vitória Do Jari,AP,NORTE,jun.-18,1
1600105,Amapá,AP,NORTE,jul.-18,1
1600279,Laranjal Do Jari,AP,NORTE,jul.-18,1
1600303,Macapá,AP,NORTE,jul.-18,17
1600600,Santana,AP,NORTE,jul.-18,4
1600808,Vitória Do Jari,AP,NORTE,jul.-18,1
1600279,Laranjal Do Jari,AP,NORTE,ago.-18,1
1600303,Macapá,AP,NORTE,ago.-18,17
1600501,Oiapoque,AP,NORTE,ago.-18,1
1600600,Santana,AP,NORTE,ago.-18,5
1600709,Tartarugalzinho,AP,NORTE,ago.-18,1
1600303,Macapá,AP,NORTE,set.-18,24
1600535,Porto Grande,AP,NORTE,set.-18,2
1600600,Santana,AP,NORTE,set.-18,6
1600279,Laranjal Do Jari,AP,NORTE,out.-18,2
1600303,Macapá,AP,NORTE,out.-18,18
1600501,Oiapoque,AP,NORTE,out.-18,1
1600535,Porto Grande,AP,NORTE,out.-18,1
1600600,Santana,AP,NORTE,out.-18,4
1600709,Tartarugalzinho,AP,NORTE,out.-18,1
1600303,Macapá,AP,NORTE,nov.-18,19
1600402,Mazagão,AP,NORTE,nov.-18,1
1600535,Porto Grande,AP,NORTE,nov.-18,1
1600550,Pracuúba,AP,NORTE,nov.-18,1
1600600,Santana,AP,NORTE,nov.-18,5
1600279,Laranjal Do Jari,AP,NORTE,dez.-18,2
1600303,Macapá,AP,NORTE,dez.-18,19
1600501,Oiapoque,AP,NORTE,dez.-18,1
1600154,Pedra Branca Do Amapari,AP,NORTE,dez.-18,1
1600600,Santana,AP,NORTE,dez.-18,8
1600253,Itaubal,AP,NORTE,jan.-19,1
1600303,Macapá,AP,NORTE,jan.-19,9
1600402,Mazagão,AP,NORTE,jan.-19,1
1600204,Calçoene,AP,NORTE,fev.-19,1
1600279,Laranjal Do Jari,AP,NORTE,fev.-19,1
1600303,Macapá,AP,NORTE,fev.-19,9
1600402,Mazagão,AP,NORTE,fev.-19,1
1600501,Oiapoque,AP,NORTE,fev.-19,2
1600600,Santana,AP,NORTE,fev.-19,5
1600105,Amapá,AP,NORTE,mar.-19,1
1600303,Macapá,AP,NORTE,mar.-19,12
1600402,Mazagão,AP,NORTE,mar.-19,1
1600501,Oiapoque,AP,NORTE,mar.-19,2
1600535,Porto Grande,AP,NORTE,mar.-19,1
1600600,Santana,AP,NORTE,mar.-19,4
1600709,Tartarugalzinho,AP,NORTE,mar.-19,2
1600212,Cutias,AP,NORTE,abr.-19,2
1600238,Ferreira Gomes,AP,NORTE,abr.-19,1
1600279,Laranjal Do Jari,AP,NORTE,abr.-19,1
1600303,Macapá,AP,NORTE,abr.-19,15
1600535,Porto Grande,AP,NORTE,abr.-19,1
1600600,Santana,AP,NORTE,abr.-19,7
1600709,Tartarugalzinho,AP,NORTE,abr.-19,1
1600279,Laranjal Do Jari,AP,NORTE,mai.-19,3
1600303,Macapá,AP,NORTE,mai.-19,14
1600402,Mazagão,AP,NORTE,mai.-19,1
1600154,Pedra Branca Do Amapari,AP,NORTE,mai.-19,1
1600600,Santana,AP,NORTE,mai.-19,7
1600253,Itaubal,AP,NORTE,jun.-19,2
1600279,Laranjal Do Jari,AP,NORTE,jun.-19,1
1600303,Macapá,AP,NORTE,jun.-19,8
1600402,Mazagão,AP,NORTE,jun.-19,2
1600501,Oiapoque,AP,NORTE,jun.-19,1
1600535,Porto Grande,AP,NORTE,jun.-19,1
1600600,Santana,AP,NORTE,jun.-19,2
1600808,Vitória Do Jari,AP,NORTE,jun.-19,1
1600253,Itaubal,AP,NORTE,jul.-19,1
1600279,Laranjal Do Jari,AP,NORTE,jul.-19,1
1600303,Macapá,AP,NORTE,jul.-19,11
1600501,Oiapoque,AP,NORTE,jul.-19,1
1600535,Porto Grande,AP,NORTE,jul.-19,1
1600600,Santana,AP,NORTE,jul.-19,1
1600204,Calçoene,AP,NORTE,jul.-19,1
1600238,Ferreira Gomes,AP,NORTE,ago.-19,1
1600279,Laranjal Do Jari,AP,NORTE,ago.-19,1
1600303,Macapá,AP,NORTE,ago.-19,8
1600501,Oiapoque,AP,NORTE,ago.-19,1
1600535,Porto Grande,AP,NORTE,ago.-19,1
1600600,Santana,AP,NORTE,ago.-19,1
1600204,Calçoene,AP,NORTE,set.-19,1
1600279,Laranjal Do Jari,AP,NORTE,set.-19,1
1600303,Macapá,AP,NORTE,set.-19,16
1600402,Mazagão,AP,NORTE,set.-19,1
1600600,Santana,AP,NORTE,set.-19,3
1600279,Laranjal Do Jari,AP,NORTE,out.-19,2
1600303,Macapá,AP,NORTE,out.-19,10
1600535,Porto Grande,AP,NORTE,out.-19,1
1600600,Santana,AP,NORTE,out.-19,4
1600709,Tartarugalzinho,AP,NORTE,out.-19,1
1600238,Ferreira Gomes,AP,NORTE,nov.-19,1
1600303,Macapá,AP,NORTE,nov.-19,17
1600535,Porto Grande,AP,NORTE,nov.-19,1
1600600,Santana,AP,NORTE,nov.-19,2
1600055,Serra Do Navio,AP,NORTE,nov.-19,1
1600204,Calçoene,AP,NORTE,dez.-19,1
1600238,Ferreira Gomes,AP,NORTE,dez.-19,1
1600303,Macapá,AP,NORTE,dez.-19,8
1600402,Mazagão,AP,NORTE,dez.-19,1
1600600,Santana,AP,NORTE,dez.-19,3
1600709,Tartarugalzinho,AP,NORTE,dez.-19,1
1600279,Laranjal Do Jari,AP,NORTE,jan.-20,2
1600303,Macapá,AP,NORTE,jan.-20,16
1600154,Pedra Branca Do Amapari,AP,NORTE,jan.-20,1
1600535,Porto Grande,AP,NORTE,jan.-20,2
1600600,Santana,AP,NORTE,jan.-20,4
1600709,Tartarugalzinho,AP,NORTE,jan.-20,3
1600808,Vitória Do Jari,AP,NORTE,jan.-20,1
1600279,Laranjal Do Jari,AP,NORTE,fev.-20,1
1600303,Macapá,AP,NORTE,fev.-20,14
1600535,Porto Grande,AP,NORTE,fev.-20,1
1600600,Santana,AP,NORTE,fev.-20,4
1600238,Ferreira Gomes,AP,NORTE,mar.-20,1
1600253,Itaubal,AP,NORTE,mar.-20,1
1600303,Macapá,AP,NORTE,mar.-20,15
1600600,Santana,AP,NORTE,mar.-20,3
1600501,Oiapoque,AP,NORTE,mar.-20,1
1600303,Macapá,AP,NORTE,abr.-20,13
1600600,Santana,AP,NORTE,abr.-20,1
1600501,Oiapoque,AP,NORTE,abr.-20,1
1600303,Macapá,AP,NORTE,mai.-20,9
1600600,Santana,AP,NORTE,mai.-20,7
1600709,Tartarugalzinho,AP,NORTE,mai.-20,1
1600501,Oiapoque,AP,NORTE,mai.-20,1
1600154,Pedra Branca Do Amapari,AP,NORTE,mai.-20,1
1600303,Macapá,AP,NORTE,jun.-20,16
1600600,Santana,AP,NORTE,jun.-20,2
1600105,Amapá,AP,NORTE,jul.-20,1
1600279,Laranjal Do Jari,AP,NORTE,jul.-20,2
1600303,Macapá,AP,NORTE,jul.-20,11
1600600,Santana,AP,NORTE,jul.-20,1
1600402,Mazagão,AP,NORTE,jul.-20,1
1600501,Oiapoque,AP,NORTE,jul.-20,2
1600535,Porto Grande,AP,NORTE,jul.-20,1
1600303,Macapá,AP,NORTE,ago.-20,11
1600550,Pracuúba,AP,NORTE,ago.-20,1
1600600,Santana,AP,NORTE,ago.-20,5
1600238,Ferreira Gomes,AP,NORTE,ago.-20,1
1600238,Ferreira Gomes,AP,NORTE,set.-20,1
1600279,Laranjal Do Jari,AP,NORTE,set.-20,1
1600303,Macapá,AP,NORTE,set.-20,16
1600600,Santana,AP,NORTE,set.-20,5
1600709,Tartarugalzinho,AP,NORTE,set.-20,1
1600105,Amapá,AP,NORTE,out.-20,1
1600212,Cutias,AP,NORTE,out.-20,1
1600808,Vitória Do Jari,AP,NORTE,out.-20,2
1600303,Macapá,AP,NORTE,out.-20,14
1600535,Porto Grande,AP,NORTE,out.-20,1
1600600,Santana,AP,NORTE,out.-20,4
1600501,Oiapoque,AP,NORTE,out.-20,2
1600279,Laranjal Do Jari,AP,NORTE,nov.-20,1
1600303,Macapá,AP,NORTE,nov.-20,10
1600600,Santana,AP,NORTE,nov.-20,5
1600709,Tartarugalzinho,AP,NORTE,nov.-20,1
1600303,Macapá,AP,NORTE,dez.-20,9
1600402,Mazagão,AP,NORTE,dez.-20,1
1600535,Porto Grande,AP,NORTE,dez.-20,2
1600154,Pedra Branca Do Amapari,AP,NORTE,dez.-20,1
1600600,Santana,AP,NORTE,dez.-20,1
1600501,Oiapoque,AP,NORTE,jan.-21,3
1600303,Macapá,AP,NORTE,jan.-21,11
1600535,Porto Grande,AP,NORTE,jan.-21,1
1600600,Santana,AP,NORTE,jan.-21,5
1600279,Laranjal Do Jari,AP,NORTE,fev.-21,2
1600303,Macapá,AP,NORTE,fev.-21,11
1600535,Porto Grande,AP,NORTE,fev.-21,3
1600600,Santana,AP,NORTE,fev.-21,3
1600303,Macapá,AP,NORTE,mar.-21,8
1600402,Mazagão,AP,NORTE,mar.-21,1
1600600,Santana,AP,NORTE,mar.-21,1
1600709,Tartarugalzinho,AP,NORTE,mar.-21,4
1600303,Macapá,AP,NORTE,abr.-21,6
1600402,Mazagão,AP,NORTE,abr.-21,1
1600550,Pracuúba,AP,NORTE,abr.-21,1
1600600,Santana,AP,NORTE,abr.-21,2
1600501,Oiapoque,AP,NORTE,abr.-21,1
1600204,Calçoene,AP,NORTE,mai.-21,1
1600303,Macapá,AP,NORTE,mai.-21,19
1600402,Mazagão,AP,NORTE,mai.-21,1
1600600,Santana,AP,NORTE,mai.-21,5
1600303,Macapá,AP,NORTE,jun.-21,16
1600154,Pedra Branca Do Amapari,AP,NORTE,jun.-21,1
1600600,Santana,AP,NORTE,jun.-21,5
1600105,Amapá,AP,NORTE,jun.-21,1
1600238,Ferreira Gomes,AP,NORTE,jul.-21,1
1600279,Laranjal Do Jari,AP,NORTE,jul.-21,1
1600303,Macapá,AP,NORTE,jul.-21,14
1600600,Santana,AP,NORTE,jul.-21,6
1600238,Ferreira Gomes,AP,NORTE,ago.-21,1
1600279,Laranjal Do Jari,AP,NORTE,ago.-21,1
1600303,Macapá,AP,NORTE,ago.-21,15
1600402,Mazagão,AP,NORTE,ago.-21,1
1600501,Oiapoque,AP,NORTE,ago.-21,1
1600535,Porto Grande,AP,NORTE,ago.-21,1
1600600,Santana,AP,NORTE,ago.-21,3
1600709,Tartarugalzinho,AP,NORTE,ago.-21,1
1600238,Ferreira Gomes,AP,NORTE,set.-21,1
1600253,Itaubal,AP,NORTE,set.-21,1
1600279,Laranjal Do Jari,AP,NORTE,set.-21,1
1600303,Macapá,AP,NORTE,set.-21,36
1600402,Mazagão,AP,NORTE,set.-21,1
1600154,Pedra Branca Do Amapari,AP,NORTE,set.-21,1
1600535,Porto Grande,AP,NORTE,set.-21,2
1600550,Pracuúba,AP,NORTE,set.-21,1
1600600,Santana,AP,NORTE,set.-21,11
1600204,Calçoene,AP,NORTE,out.-21,1
1600279,Laranjal Do Jari,AP,NORTE,out.-21,3
1600303,Macapá,AP,NORTE,out.-21,21
1600501,Oiapoque,AP,NORTE,out.-21,1
1600600,Santana,AP,NORTE,out.-21,7
1600055,Serra Do Navio,AP,NORTE,out.-21,1
1600204,Calçoene,AP,NORTE,nov.-21,1
1600303,Macapá,AP,NORTE,nov.-21,7
1600600,Santana,AP,NORTE,nov.-21,3
1600709,Tartarugalzinho,AP,NORTE,nov.-21,1
1600105,Amapá,AP,NORTE,dez.-21,0
1600204,Calçoene,AP,NORTE,dez.-21,0
1600212,Cutias,AP,NORTE,dez.-21,0
1600238,Ferreira Gomes,AP,NORTE,dez.-21,0
1600253,Itaubal,AP,NORTE,dez.-21,0
1600279,Laranjal Do Jari,AP,NORTE,dez.-21,0
1600303,Macapá,AP,NORTE,dez.-21,15
1600402,Mazagão,AP,NORTE,dez.-21,0
1600501,Oiapoque,AP,NORTE,dez.-21,2
1600154,Pedra Branca Do Amapari,AP,NORTE,dez.-21,0
1600535,Porto Grande,AP,NORTE,dez.-21,1
1600550,Pracuúba,AP,NORTE,dez.-21,0
1600600,Santana,AP,NORTE,dez.-21,3
1600055,Serra Do Navio,AP,NORTE,dez.-21,0
1600709,Tartarugalzinho,AP,NORTE,dez.-21,0
1600808,Vitória Do Jari,AP,NORTE,dez.-21,0
1600105,Amapá,AP,NORTE,jan.-22,0
1600204,Calçoene,AP,NORTE,jan.-22,0
1600212,Cutias,AP,NORTE,jan.-22,0
1600238,Ferreira Gomes,AP,NORTE,jan.-22,0
1600253,Itaubal,AP,NORTE,jan.-22,0
1600279,Laranjal Do Jari,AP,NORTE,jan.-22,0
1600303,Macapá,AP,NORTE,jan.-22,14
1600402,Mazagão,AP,NORTE,jan.-22,0
1600501,Oiapoque,AP,NORTE,jan.-22,0
1600154,Pedra Branca Do Amapari,AP,NORTE,jan.-22,1
1600535,Porto Grande,AP,NORTE,jan.-22,0
1600550,Pracuúba,AP,NORTE,jan.-22,0
1600600,Santana,AP,NORTE,jan.-22,1
1600055,Serra Do Navio,AP,NORTE,jan.-22,0
1600709,Tartarugalzinho,AP,NORTE,jan.-22,0
1600808,Vitória Do Jari,AP,NORTE,jan.-22,0
1600105,Amapá,AP,NORTE,fev.-22,0
1600204,Calçoene,AP,NORTE,fev.-22,1
1600212,Cutias,AP,NORTE,fev.-22,0
1600238,Ferreira Gomes,AP,NORTE,fev.-22,0
1600253,Itaubal,AP,NORTE,fev.-22,0
1600279,Laranjal Do Jari,AP,NORTE,fev.-22,1
1600303,Macapá,AP,NORTE,fev.-22,12
1600402,Mazagão,AP,NORTE,fev.-22,0
1600501,Oiapoque,AP,NORTE,fev.-22,1
1600154,Pedra Branca Do Amapari,AP,NORTE,fev.-22,0
1600535,Porto Grande,AP,NORTE,fev.-22,0
1600550,Pracuúba,AP,NORTE,fev.-22,0
1600600,Santana,AP,NORTE,fev.-22,5
1600055,Serra Do Navio,AP,NORTE,fev.-22,0
1600709,Tartarugalzinho,AP,NORTE,fev.-22,0
1600808,Vitória Do Jari,AP,NORTE,fev.-22,0
1600105,Amapá,AP,NORTE,mar.-22,0
1600204,Calçoene,AP,NORTE,mar.-22,0
1600212,Cutias,AP,NORTE,mar.-22,0
1600238,Ferreira Gomes,AP,NORTE,mar.-22,2
1600253,Itaubal,AP,NORTE,mar.-22,0
1600279,Laranjal Do Jari,AP,NORTE,mar.-22,1
1600303,Macapá,AP,NORTE,mar.-22,14
1600402,Mazagão,AP,NORTE,mar.-22,1
1600501,Oiapoque,AP,NORTE,mar.-22,3
1600154,Pedra Branca Do Amapari,AP,NORTE,mar.-22,1
1600535,Porto Grande,AP,NORTE,mar.-22,0
1600550,Pracuúba,AP,NORTE,mar.-22,0
1600600,Santana,AP,NORTE,mar.-22,5
1600055,Serra Do Navio,AP,NORTE,mar.-22,0
1600709,Tartarugalzinho,AP,NORTE,mar.-22,2
1600808,Vitória Do Jari,AP,NORTE,mar.-22,0
1600105,Amapá,AP,NORTE,abr.-22,0
1600204,Calçoene,AP,NORTE,abr.-22,0
1600212,Cutias,AP,NORTE,abr.-22,0
1600238,Ferreira Gomes,AP,NORTE,abr.-22,0
1600253,Itaubal,AP,NORTE,abr.-22,0
1600279,Laranjal Do Jari,AP,NORTE,abr.-22,2
1600303,Macapá,AP,NORTE,abr.-22,7
1600402,Mazagão,AP,NORTE,abr.-22,0
1600501,Oiapoque,AP,NORTE,abr.-22,1
1600154,Pedra Branca Do Amapari,AP,NORTE,abr.-22,0
1600535,Porto Grande,AP,NORTE,abr.-22,1
1600550,Pracuúba,AP,NORTE,abr.-22,0
1600600,Santana,AP,NORTE,abr.-22,4
1600055,Serra Do Navio,AP,NORTE,abr.-22,0
1600709,Tartarugalzinho,AP,NORTE,abr.-22,0
1600808,Vitória Do Jari,AP,NORTE,abr.-22,0
1600105,Amapá,AP,NORTE,mai.-22,0
1600204,Calçoene,AP,NORTE,mai.-22,1
1600212,Cutias,AP,NORTE,mai.-22,0
1600238,Ferreira Gomes,AP,NORTE,mai.-22,0
1600253,Itaubal,AP,NORTE,mai.-22,0
1600279,Laranjal Do Jari,AP,NORTE,mai.-22,2
1600303,Macapá,AP,NORTE,mai.-22,6
1600402,Mazagão,AP,NORTE,mai.-22,0
1600501,Oiapoque,AP,NORTE,mai.-22,1
1600154,Pedra Branca Do Amapari,AP,NORTE,mai.-22,1
1600535,Porto Grande,AP,NORTE,mai.-22,0
1600550,Pracuúba,AP,NORTE,mai.-22,0
1600600,Santana,AP,NORTE,mai.-22,1
1600055,Serra Do Navio,AP,NORTE,mai.-22,0
1600709,Tartarugalzinho,AP,NORTE,mai.-22,0
1600808,Vitória Do Jari,AP,NORTE,mai.-22,1
1600238,Ferreira Gomes,AP,NORTE,jun.-22,1
1600303,Macapá,AP,NORTE,jun.-22,8
1600501,Oiapoque,AP,NORTE,jun.-22,0
1600600,Santana,AP,NORTE,jun.-22,4
1600105,Amapá,AP,NORTE,jul.-22,1
1600204,Calçoene,AP,NORTE,jul.-22,1
1600212,Cutias,AP,NORTE,jul.-22,0
1600238,Ferreira Gomes,AP,NORTE,jul.-22,0
1600253,Itaubal,AP,NORTE,jul.-22,0
1600279,Laranjal Do Jari,AP,NORTE,jul.-22,0
1600303,Macapá,AP,NORTE,jul.-22,7
1600402,Mazagão,AP,NORTE,jul.-22,0
1600501,Oiapoque,AP,NORTE,jul.-22,0
1600154,Pedra Branca Do Amapari,AP,NORTE,jul.-22,0
1600535,Porto Grande,AP,NORTE,jul.-22,0
1600550,Pracuúba,AP,NORTE,jul.-22,0
1600600,Santana,AP,NORTE,jul.-22,4
1600055,Serra Do Navio,AP,NORTE,jul.-22,0
1600709,Tartarugalzinho,AP,NORTE,jul.-22,0
1600808,Vitória Do Jari,AP,NORTE,jul.-22,0
1600105,Amapá,AP,NORTE,ago.-22,0
1600204,Calçoene,AP,NORTE,ago.-22,1
1600212,Cutias,AP,NORTE,ago.-22,0
1600238,Ferreira Gomes,AP,NORTE,ago.-22,0
1600253,Itaubal,AP,NORTE,ago.-22,0
1600279,Laranjal Do Jari,AP,NORTE,ago.-22,2
1600303,Macapá,AP,NORTE,ago.-22,11
1600402,Mazagão,AP,NORTE,ago.-22,0
1600501,Oiapoque,AP,NORTE,ago.-22,1
1600154,Pedra Branca Do Amapari,AP,NORTE,ago.-22,1
1600535,Porto Grande,AP,NORTE,ago.-22,0
1600550,Pracuúba,AP,NORTE,ago.-22,0
1600600,Santana,AP,NORTE,ago.-22,5
1600055,Serra Do Navio,AP,NORTE,ago.-22,1
1600709,Tartarugalzinho,AP,NORTE,ago.-22,0
1600808,Vitória Do Jari,AP,NORTE,ago.-22,0
1600204,Calçoene,AP,NORTE,set.-22,1
1600303,Macapá,AP,NORTE,set.-22,6
1600501,Oiapoque,AP,NORTE,set.-22,2
1600105,Amapá,AP,NORTE,out.-22,1
1600204,Calçoene,AP,NORTE,out.-22,1
1600303,Macapá,AP,NORTE,out.-22,6
1600535,Porto Grande,AP,NORTE,out.-22,1
1600600,Santana,AP,NORTE,out.-22,4
1600709,Tartarugalzinho,AP,NORTE,out.-22,0
1600204,Calçoene,AP,NORTE,nov.-22,2
1600238,Ferreira Gomes,AP,NORTE,nov.-22,1
1600279,Laranjal Do Jari,AP,NORTE,nov.-22,1
1600303,Macapá,AP,NORTE,nov.-22,14
1600600,Santana,AP,NORTE,nov.-22,3
1600279,Laranjal Do Jari,AP,NORTE,dez.-22,1
1600303,Macapá,AP,NORTE,dez.-22,14
1600501,Oiapoque,AP,NORTE,dez.-22,1
1600154,Pedra Branca Do Amapari,AP,NORTE,dez.-22,1
1600535,Porto Grande,AP,NORTE,dez.-22,1
1600600,Santana,AP,NORTE,dez.-22,7
1600709,Tartarugalzinho,AP,NORTE,dez.-22,1